<?xml version="1.0" encoding="UTF-8"?>
<metadata xml:lang="zh"><Esri><CreaDate>20241025</CreaDate><CreaTime>17220500</CreaTime><ArcGISFormat>1.0</ArcGISFormat><SyncOnce>TRUE</SyncOnce><DataProperties><itemProps><itemLocation><linkage Sync="TRUE">file://\\JETLINK003\D$\專案\2024.02.07國土測繪中心_113年度行政區域界線更新及管理平臺維護作業採購案\行政區域界線更新作業\1015金門縣金城鎮及金寧鄉界線村里界釐整案\[113行政界線更新第5案]金門縣金城鎮金寧鄉\4.村(里)界線檔(國土測繪中心版,shp檔)\VILLAGE_Sanhe_121_1130419</linkage><protocol Sync="TRUE">Local Area Network</protocol></itemLocation></itemProps><copyHistory><copy source="D:\專案\2024.02.07國土測繪中心_113年度行政區域界線更新及管理平臺維護作業採購案\行政區域界線更新作業\0925高雄市鳳山區村里界釐整案\[113行政界線更新第4案]高雄市鳳山區村里界釐整案交付成果\4.村(里)界線檔(國土測繪中心版,shp檔)\VILLAGE_Sanhe_121_1130419" dest="\\JETLINK003\D$\專案\2024.02.07國土測繪中心_113年度行政區域界線更新及管理平臺維護作業採購案\行政區域界線更新作業\1015金門縣金城鎮及金寧鄉界線村里界釐整案\[113行政界線更新第5案]金門縣金城鎮金寧鄉\4.村(里)界線檔(國土測繪中心版,shp檔)\VILLAGE_Sanhe_121_1130419" date="20241025" time="17220500"></copy></copyHistory></DataProperties></Esri></metadata>
